{
  "timestamp": "2025-06-15T02:17:35.325090",
  "usage_percent": 68.0,
  "available_gb": 2.4701766967773438,
  "used_gb": 4.941585540771484,
  "total_gb": 7.709178924560547,
  "free_gb": 0.2793922424316406,
  "buffers_gb": 0.06413650512695312,
  "cached_gb": 2.4240646362304688
}